Date,Open,High,Low,Close,Volume,ticker
2024-01-02 00:00:00-05:00,160.17692675575273,163.09457557227162,160.00642185144383,163.0093231201172,9977400,JPM
2024-01-03 00:00:00-05:00,162.80093544417744,162.9714403661268,161.38947095422876,162.2988739013672,9852300,JPM
2024-01-04 00:00:00-05:00,162.64200181002505,165.2249889082347,162.54668305166135,163.37591552734375,11972500,JPM
2024-01-05 00:00:00-05:00,163.4330960040298,165.25357661087241,163.4330960040298,164.1956024169922,10066000,JPM
2024-01-08 00:00:00-05:00,163.95729064941406,164.28135109009963,161.54587491346962,163.95729064941406,11229900,JPM
2024-01-09 00:00:00-05:00,163.57605253977218,163.73808278220446,162.1273064155779,162.6610565185547,9923600,JPM
2024-01-10 00:00:00-05:00,162.03201526200067,163.0613968688974,161.03122637666203,163.00421142578125,9670200,JPM
2024-01-11 00:00:00-05:00,162.3465248460795,162.37511756325273,160.73573390852152,162.31793212890625,11919500,JPM
2024-01-12 00:00:00-05:00,165.6538904699053,168.04623999703182,160.98354774460927,161.12652587890625,19436500,JPM
2024-01-16 00:00:00-05:00,157.14242238539558,160.21149988215635,156.59914624931994,160.11619567871094,17206400,JPM
2024-01-17 00:00:00-05:00,159.49665940891614,161.14558362965596,158.68650820042498,159.2583770751953,11107500,JPM
2024-01-18 00:00:00-05:00,159.2869952568206,159.67778183706136,157.49512171042235,159.57293701171875,9382300,JPM
2024-01-19 00:00:00-05:00,159.69685192528067,162.57530711076893,159.2488798931695,162.32748413085938,13115700,JPM
2024-01-22 00:00:00-05:00,162.47044192364703,163.91918812242486,161.7555948824447,162.1368408203125,12837500,JPM
2024-01-23 00:00:00-05:00,161.71745692199738,161.79370901610295,160.54511188027425,161.0693359375,8360800,JPM
2024-01-24 00:00:00-05:00,161.42197810648736,162.99463562700143,160.94541345862262,162.508544921875,9967100,JPM
2024-01-25 00:00:00-05:00,164.23373703536978,164.88187263916845,162.89936159166894,164.83421325683594,8873500,JPM
2024-01-26 00:00:00-05:00,164.51964304532098,164.94854830593454,163.72854400998565,164.20510864257812,7443000,JPM
2024-01-29 00:00:00-05:00,164.16700911633845,164.73887801633018,163.27106517505794,164.634033203125,6971200,JPM
2024-01-30 00:00:00-05:00,164.72936528572126,168.47515705914157,164.72936528572126,168.0081329345703,10822100,JPM
2024-01-31 00:00:00-05:00,167.94140729707823,169.94298497281716,166.1685859265556,166.18765258789062,11521800,JPM
2024-02-01 00:00:00-05:00,165.50136480104896,166.64511700900374,163.3949427286569,165.58714294433594,9354800,JPM
2024-02-02 00:00:00-05:00,165.17731524669946,167.57920522249475,165.13918192921102,166.540283203125,8607600,JPM
2024-02-05 00:00:00-05:00,165.71105802019812,166.88340296817512,164.81511416560156,166.32106018066406,7820200,JPM
2024-02-06 00:00:00-05:00,166.42593618076785,167.62687406891743,165.61577031946283,166.89297485351562,6764800,JPM
2024-02-07 00:00:00-05:00,167.45531197350942,167.62686829007302,165.8064021309331,167.20748901367188,7225500,JPM
2024-02-08 00:00:00-05:00,166.79766339757882,167.09313121719248,165.43469518617331,166.60704040527344,6060300,JPM
2024-02-09 00:00:00-05:00,166.79763336618873,166.8929521169806,165.52996960737374,166.80715942382812,6296700,JPM
2024-02-12 00:00:00-05:00,166.58797310133355,168.52282482580503,165.55859149452672,167.55062866210938,8539300,JPM
2024-02-13 00:00:00-05:00,167.10266035536173,167.96999709238426,164.52919923319496,166.0923309326172,8397600,JPM
2024-02-14 00:00:00-05:00,166.86436188079088,167.8460839454223,166.24481907863344,167.77935791015625,7056700,JPM
2024-02-15 00:00:00-05:00,167.893719432731,171.76343658557707,167.893719432731,171.43936157226562,8723400,JPM
2024-02-16 00:00:00-05:00,171.19154963479215,171.54420281252945,169.80951509500167,170.63873291015625,8152600,JPM
2024-02-20 00:00:00-05:00,170.79127046965817,172.00174895752147,170.0478306534527,171.3059539794922,9668000,JPM
2024-02-21 00:00:00-05:00,171.5156268111509,172.5068894979879,170.15265879624997,172.4210968017578,7024000,JPM
2024-02-22 00:00:00-05:00,173.297983467374,174.82298168422557,172.74516670530045,174.48939514160156,9296500,JPM
2024-02-23 00:00:00-05:00,175.19471637316317,176.5195656852943,174.60378078668188,175.3662872314453,7105800,JPM
2024-02-26 00:00:00-05:00,175.1375279912981,175.81425626734668,173.92704957596644,174.76580810546875,7145400,JPM
2024-02-27 00:00:00-05:00,174.71815547760136,174.93737117679154,173.69831453855065,174.85159301757812,5717100,JPM
2024-02-28 00:00:00-05:00,174.83252201060458,176.51956515120406,174.38456456464726,175.73800659179688,6131600,JPM
2024-02-29 00:00:00-05:00,176.95800272580232,177.69190187097396,175.23284088916765,177.33924865722656,9643000,JPM
2024-03-01 00:00:00-05:00,176.9961332386516,177.70145425651842,176.4242643035929,176.6053466796875,6311800,JPM
2024-03-04 00:00:00-05:00,176.0525545827284,178.7975576256145,175.6331752799481,177.93020629882812,7063600,JPM
2024-03-05 00:00:00-05:00,177.62519917623598,180.42740199617094,177.62519917623598,179.71255493164062,6617800,JPM
2024-03-06 00:00:00-05:00,180.3797618604822,181.16133504867997,178.8356966903188,180.64663696289062,7572900,JPM
2024-03-07 00:00:00-05:00,181.00879937810365,181.57114220733695,177.882536255817,179.0644073486328,7618300,JPM
2024-03-08 00:00:00-05:00,179.60771515433038,181.5330407077065,179.11208377013827,179.3980255126953,6172200,JPM
2024-03-11 00:00:00-04:00,178.5020662570391,179.60769981055208,177.49175145743587,179.4647216796875,5762600,JPM
2024-03-12 00:00:00-04:00,180.09379307200683,181.24708601861974,179.1025449180289,180.94207763671875,5708400,JPM
2024-03-13 00:00:00-04:00,181.4377008563352,182.74348339179392,180.94206952975253,182.40989685058594,7795500,JPM
2024-03-14 00:00:00-04:00,182.07630255175962,182.6481859917152,178.3305111052107,179.15972900390625,10310900,JPM
2024-03-15 00:00:00-04:00,177.73957742644203,181.99054121239186,177.73957742644203,181.3805389404297,17214200,JPM
2024-03-18 00:00:00-04:00,181.69506181540558,183.6680321068183,180.989740825109,183.62991333007812,9013800,JPM
2024-03-19 00:00:00-04:00,183.67758791922284,184.84039250109598,183.36305344656802,184.7069549560547,8478700,JPM
2024-03-20 00:00:00-04:00,185.08818771788046,187.34709958577037,184.5353709588645,187.1278839111328,9367000,JPM
2024-03-21 00:00:00-04:00,187.30899243272455,190.08258791393138,187.12789552103195,189.7299346923828,11203800,JPM
2024-03-22 00:00:00-04:00,189.68227554589657,191.08337691916773,187.32804477821512,187.404296875,8108800,JPM
2024-03-25 00:00:00-04:00,187.38525947737247,187.70932000646243,185.25024423049462,185.68869018554688,8620000,JPM
2024-03-26 00:00:00-04:00,185.46943290101217,187.44241759575021,184.96427551941824,186.55599975585938,5961500,JPM
2024-03-27 00:00:00-04:00,187.28991086778012,190.244617569139,187.17554000364467,190.16836547851562,8725800,JPM
2024-03-28 00:00:00-04:00,190.1397869801665,191.31213205601443,189.23430242605596,190.9118194580078,8628300,JPM
2024-04-01 00:00:00-04:00,190.61634353364525,191.5218135054846,189.26290160477805,189.6155548095703,7309000,JPM
2024-04-02 00:00:00-04:00,189.09133467432258,190.41618391366802,188.79586689731462,189.539306640625,7014700,JPM
2024-04-03 00:00:00-04:00,189.71086061473883,190.2064919520555,188.43367076819186,189.00555419921875,9353400,JPM
2024-04-04 00:00:00-04:00,190.92291652385342,191.43102054493633,187.47164475584307,187.5675048828125,9243800,JPM
2024-04-05 00:00:00-04:00,188.0564797235353,189.93550239099562,187.0498531231776,189.29318237304688,6532300,JPM
2024-04-08 00:00:00-04:00,189.4561511095411,190.7599689797472,189.4561511095411,190.28062438964844,8001000,JPM
2024-04-09 00:00:00-04:00,189.88757639283557,190.6641123023522,186.85811501755413,189.0055694580078,7351500,JPM
2024-04-10 00:00:00-04:00,187.4716553790757,188.9288668988633,186.1582413721076,187.39495849609375,7681400,JPM
2024-04-11 00:00:00-04:00,187.90304238856314,188.44950213552468,185.25706603749072,187.35658264160156,10137700,JPM
2024-04-12 00:00:00-04:00,180.54034929302082,181.12513563622184,174.99911250049018,175.23878479003906,31532300,JPM
2024-04-15 00:00:00-04:00,176.8781612512524,179.71588778155154,174.67317311755488,175.3346710205078,14766600,JPM
2024-04-16 00:00:00-04:00,175.34423200208582,175.59350053236452,172.2284924010812,173.33099365234375,16451800,JPM
2024-04-17 00:00:00-04:00,173.87743429200685,174.88406075478235,171.79708073743586,172.64073181152344,9017100,JPM
2024-04-18 00:00:00-04:00,173.61862312306104,175.78525548815472,172.53529962629594,173.76242065429688,9557700,JPM
2024-04-19 00:00:00-04:00,174.86489872904636,178.20114757259395,173.91580581309498,178.12445068359375,13402300,JPM
2024-04-22 00:00:00-04:00,178.30659681566635,182.27556923453258,178.29700056215378,181.58531188964844,11529700,JPM
2024-04-23 00:00:00-04:00,183.23424396804157,184.28879315265974,182.6494430587006,184.2025146484375,9144400,JPM
2024-04-24 00:00:00-04:00,182.65902346925535,185.24748097776123,182.31389482622563,185.1036834716797,6964900,JPM
2024-04-25 00:00:00-04:00,184.30798671411355,185.92817369729963,183.28218231517408,185.3817138671875,9802300,JPM
2024-04-26 00:00:00-04:00,185.57346202257514,186.8197461895444,185.08452120379513,185.49676513671875,6413700,JPM
2024-04-29 00:00:00-04:00,185.4871603065969,186.2349366235766,184.48053384037513,185.29542541503906,5387800,JPM
2024-04-30 00:00:00-04:00,184.8448510540374,186.93480098954225,183.72318651376133,183.81906127929688,8153700,JPM
2024-05-01 00:00:00-04:00,184.3271480532433,186.4266794168668,182.90827772435546,183.93408203125,7445300,JPM
2024-05-02 00:00:00-04:00,185.09411048063117,185.50633976958161,181.6907612697659,183.7423553466797,6501700,JPM
2024-05-03 00:00:00-04:00,184.06829876150786,184.5764027909394,180.67454593960358,182.6398468017578,8922800,JPM
2024-05-06 00:00:00-04:00,183.80944819934183,184.2600332249276,181.9783632240918,184.06829833984375,7911100,JPM
2024-05-07 00:00:00-04:00,183.78070641582713,184.95988996978727,183.73276903282613,183.82864379882812,7688800,JPM
2024-05-08 00:00:00-04:00,183.10960669680316,188.5261939231099,183.10960669680316,187.5675048828125,9227600,JPM
2024-05-09 00:00:00-04:00,187.10736271795474,189.42738874358233,187.04026208314102,189.3411102294922,7977300,JPM
2024-05-10 00:00:00-04:00,190.33813049739558,191.10508471525102,190.0792949687619,190.5586395263672,7529800,JPM
2024-05-13 00:00:00-04:00,190.58739418867287,191.5940206597629,189.85878111742107,190.52027893066406,7049200,JPM
2024-05-14 00:00:00-04:00,190.7791356290652,193.2525553237889,189.97384027592776,193.18544006347656,8596200,JPM
2024-05-15 00:00:00-04:00,193.6647758753469,194.3166920568384,191.5173216973383,193.76065063476562,8370000,JPM
2024-05-16 00:00:00-04:00,193.86611690223924,196.03274906827554,193.6456224984565,194.1057891845703,8497900,JPM
2024-05-17 00:00:00-04:00,195.39042954302607,196.5792093322775,194.43174041156257,196.32994079589844,9260500,JPM
2024-05-20 00:00:00-04:00,195.94646044000078,197.37491243517428,187.32784034615054,187.5004119873047,17373300,JPM
2024-05-21 00:00:00-04:00,188.86173328735507,191.64192554021187,188.47826353814492,191.2776336669922,14420800,JPM
2024-05-22 00:00:00-04:00,190.77914312561188,192.63900243934597,189.52326266468145,190.11764526367188,9425300,JPM
2024-05-23 00:00:00-04:00,189.63828212351265,190.1080450328782,187.97017250806806,188.78504943847656,8069400,JPM
2024-05-24 00:00:00-04:00,189.58079156400566,192.46644082422952,189.39863827328057,192.41851806640625,7356200,JPM
2024-05-28 00:00:00-04:00,191.6036125630803,192.13089451702652,190.45318851802023,191.25848388671875,6910200,JPM
2024-05-29 00:00:00-04:00,189.82046218164098,190.76956975878625,188.7563165812428,189.92591857910156,6120000,JPM
2024-05-30 00:00:00-04:00,190.3572948397706,191.59401190237557,190.20390108142,191.09548950195312,6829100,JPM
2024-05-31 00:00:00-04:00,191.06673418033685,194.901490452382,190.15598249141297,194.25917053222656,14417900,JPM
2024-06-03 00:00:00-04:00,193.95236848520958,194.05782485993137,190.96126349809424,193.4826202392578,6444300,JPM
2024-06-04 00:00:00-04:00,191.89121473962575,193.63602130368506,190.08887454138957,190.93252563476562,6848300,JPM
2024-06-05 00:00:00-04:00,191.5077150020791,191.56524863165387,188.78504167288506,189.11099243164062,8351600,JPM
2024-06-06 00:00:00-04:00,189.11099931395754,189.8396123640848,187.26073644389058,188.7754669189453,7640300,JPM
2024-06-07 00:00:00-04:00,189.27399483794662,192.61982529027472,188.87134714402987,191.6898956298828,6964500,JPM
2024-06-10 00:00:00-04:00,191.0092423122621,192.54313626193007,190.24228802320997,191.36395263671875,6070800,JPM
2024-06-11 00:00:00-04:00,189.73415971337363,189.76291921555642,185.60221211085312,186.330810546875,9235300,JPM
2024-06-12 00:00:00-04:00,187.9030786059077,188.5933359833063,183.406824027288,183.61773681640625,12751300,JPM
2024-06-13 00:00:00-04:00,184.37510431277676,186.54173652510667,182.99458959650315,185.6597442626953,8587800,JPM
2024-06-14 00:00:00-04:00,183.54103282309364,186.81016629946183,183.5122733191848,185.7747802734375,6874000,JPM
2024-06-17 00:00:00-04:00,185.4871828705368,187.50043604788635,184.68188745097152,186.9252166748047,8725400,JPM
2024-06-18 00:00:00-04:00,186.5609073499265,189.78210335662163,186.11032229627904,188.86175537109375,9023000,JPM
2024-06-20 00:00:00-04:00,188.2769434150986,191.21052959046503,188.00851164927644,190.46275329589844,8731100,JPM
2024-06-21 00:00:00-04:00,188.58375516180442,189.02474399297842,186.19661383575362,188.19068908691406,20972100,JPM
2024-06-24 00:00:00-04:00,189.63827348154393,190.99961014010174,188.95761246648183,190.66407775878906,9785900,JPM
2024-06-25 00:00:00-04:00,189.90670597268976,191.80492077987228,189.57117359007896,189.88754272460938,6862500,JPM
2024-06-26 00:00:00-04:00,189.29316469485687,189.7629276320688,188.1715001746751,189.27398681640625,7758600,JPM
2024-06-27 00:00:00-04:00,189.28358009107907,191.6036059802996,188.76587978010525,190.94210815429688,7913500,JPM
2024-06-28 00:00:00-04:00,191.74741410626976,194.23043015450833,191.06675299288662,193.9044647216797,15307600,JPM
2024-07-01 00:00:00-04:00,194.46051287571873,198.53494195599288,194.28795584220356,196.9626922607422,10205800,JPM
2024-07-02 00:00:00-04:00,196.80926606274986,200.2317929481146,196.31075829574527,200.20303344726562,7802900,JPM
2024-07-03 00:00:00-04:00,200.8933362592645,201.68905009612226,199.07181789817074,200.06886291503906,5560900,JPM
2024-07-05 00:00:00-04:00,199.53864617381842,199.90495668701004,197.15756164535284,197.41783142089844,8093100,JPM
2024-07-08 00:00:00-04:00,197.65882429121405,199.45186733579698,196.6273505271732,197.78414916992188,8707000,JPM
2024-07-09 00:00:00-04:00,198.2275912793329,202.20890663088076,198.05406339705047,200.1555938720703,9058900,JPM
2024-07-10 00:00:00-04:00,198.71922757684789,200.48335172261358,198.17938920186893,200.31947326660156,8328500,JPM
2024-07-11 00:00:00-04:00,198.7867035323604,200.60866530004373,197.98658073254825,199.9820556640625,10658100,JPM
2024-07-12 00:00:00-04:00,196.65627534258937,199.9820770572198,194.82467866192138,197.56243896484375,15443400,JPM
2024-07-15 00:00:00-04:00,199.731435258761,203.99231931553012,199.27835346292989,202.4884796142578,10719700,JPM
2024-07-16 00:00:00-04:00,202.44026700381434,206.04563705444227,200.58938632777566,205.92994689941406,11557000,JPM
2024-07-17 00:00:00-04:00,206.10349645675493,209.72813632324488,205.59257690590508,209.06297302246094,11572500,JPM
2024-07-18 00:00:00-04:00,207.86760619146685,208.84124221450833,201.7076384383101,202.42098999023438,12415100,JPM
2024-07-19 00:00:00-04:00,203.59707529601897,204.70568563674118,201.3991534690736,202.2281951904297,8095900,JPM
2024-07-22 00:00:00-04:00,202.88374824394737,204.53218245854399,202.1607471685467,202.71022033691406,7663200,JPM
2024-07-23 00:00:00-04:00,203.42357088396682,203.86700327176683,201.81369037966206,202.75840759277344,5557300,JPM
2024-07-24 00:00:00-04:00,202.00650253217418,204.39722195913197,200.57978453490034,201.0810546875,7119000,JPM
2024-07-25 00:00:00-04:00,201.13887320322306,202.62344350041943,200.56048122636815,201.1581573486328,6403800,JPM
2024-07-26 00:00:00-04:00,201.7076360111633,205.48651931773958,201.10994520654938,204.59963989257812,8027800,JPM
2024-07-29 00:00:00-04:00,204.99487998321382,205.9203277459261,202.97048598586377,203.2596893310547,6533600,JPM
2024-07-30 00:00:00-04:00,205.5540018271571,208.02184290665085,205.2937320559166,207.44345092773438,8850700,JPM
2024-07-31 00:00:00-04:00,207.04821445631424,208.60025726077208,205.01417096363343,205.13949584960938,9071600,JPM
2024-08-01 00:00:00-04:00,205.5250819532728,206.13240750216778,198.9506004887708,200.47372436523438,10918600,JPM
2024-08-02 00:00:00-04:00,196.540593467653,197.3021480368774,189.8022189578119,191.97122192382812,18041700,JPM
2024-08-05 00:00:00-04:00,187.06447299920575,189.10815124254898,184.02785978968814,187.8838653564453,13927000,JPM
2024-08-06 00:00:00-04:00,188.36583747544628,195.30665821021745,187.01624161562503,193.1280059814453,10605800,JPM
2024-08-07 00:00:00-04:00,196.1838966420379,198.3432648205562,192.99305473526,193.18585205078125,9204400,JPM
2024-08-08 00:00:00-04:00,195.18135272592363,197.53351835192714,194.5258241649833,196.714111328125,7761200,JPM
2024-08-09 00:00:00-04:00,196.14535459603678,199.0373586273821,195.59586676952446,198.3914794921875,5540200,JPM
2024-08-12 00:00:00-04:00,198.97952226974954,199.68323913689548,196.32851855610414,198.76744079589844,6936000,JPM
2024-08-13 00:00:00-04:00,200.25200574943543,200.59904684016206,198.00588073299562,200.45445251464844,6387800,JPM
2024-08-14 00:00:00-04:00,200.26165785619665,203.17293151843467,199.66396698059305,202.67166137695312,6999800,JPM
2024-08-15 00:00:00-04:00,205.3322777083701,206.1902382803681,203.5006811149563,203.93447875976562,7001000,JPM
2024-08-16 00:00:00-04:00,204.06942756348838,206.38302468646538,203.97302155440943,206.26734924316406,7931200,JPM
2024-08-19 00:00:00-04:00,206.29627759905622,207.77119840700038,206.12276442611807,207.69407653808594,6090800,JPM
2024-08-20 00:00:00-04:00,207.26027814783114,208.224279441542,205.98778937957647,206.7975616455078,5640000,JPM
2024-08-21 00:00:00-04:00,206.71080165097436,207.26028947898703,205.17804304045464,206.87469482421875,5202300,JPM
2024-08-22 00:00:00-04:00,206.8554135333752,208.9954977287081,206.62404791162533,208.8316192626953,5247100,JPM
2024-08-23 00:00:00-04:00,209.76669339782856,211.29945196841106,208.70628606060572,210.4511260986328,7214000,JPM
2024-08-26 00:00:00-04:00,211.12593813281453,211.77181729592928,210.2005050400954,211.28018188476562,5105200,JPM
2024-08-27 00:00:00-04:00,211.60790511945197,212.48514977076098,211.2994323741788,212.2537841796875,5185200,JPM
2024-08-28 00:00:00-04:00,211.35728113662915,214.2107314043105,211.299443413212,213.32383728027344,6506400,JPM
2024-08-29 00:00:00-04:00,214.15290195541283,214.95302487070535,211.0584657445463,214.21075439453125,6416100,JPM
2024-08-30 00:00:00-04:00,214.49028314488254,217.36300281845735,213.94079535896643,216.70748901367188,8574100,JPM
2024-09-03 00:00:00-04:00,214.29750959484844,216.032715019767,211.3476677272337,212.3695068359375,8956100,JPM
2024-09-04 00:00:00-04:00,213.08283641697943,214.0757712679163,209.39072445966104,211.4344024658203,7389500,JPM
2024-09-05 00:00:00-04:00,212.22489665150468,212.85150637044612,208.25321569674185,209.79562377929688,8067900,JPM
2024-09-06 00:00:00-04:00,209.76668787436864,210.86564876332926,203.49103002390277,204.8117218017578,7777000,JPM
2024-09-09 00:00:00-04:00,207.4434494984693,210.29688521091413,206.4697987366713,209.005126953125,8935100,JPM
2024-09-10 00:00:00-04:00,210.73069601813924,210.7692495990519,193.3883068457007,198.1601104736328,28406900,JPM
2024-09-11 00:00:00-04:00,197.86127052265937,200.22307080989853,194.56438778018585,199.76998901367188,13658700,JPM
2024-09-12 00:00:00-04:00,200.1748942176664,201.26422055781165,197.51425552425695,199.16270446777344,9054400,JPM
2024-09-13 00:00:00-04:00,199.41330902113066,200.3676756012256,195.71154756841665,196.96475219726562,10226700,JPM
2024-09-16 00:00:00-04:00,198.42039779039567,200.71472568909704,198.18903217312973,200.3773193359375,8634900,JPM
2024-09-17 00:00:00-04:00,200.2519838182576,202.37278371399074,200.18451137690533,201.71726989746094,7573300,JPM
2024-09-18 00:00:00-04:00,201.48590664975958,203.73203144648693,199.25906599771233,200.05918884277344,8259900,JPM
2024-09-19 00:00:00-04:00,202.22821708337455,204.28154481879525,199.87605126072242,202.90301513671875,11635200,JPM
2024-09-20 00:00:00-04:00,202.37279798547686,203.80916530403834,201.9582844621734,203.4910430908203,20885000,JPM
2024-09-23 00:00:00-04:00,203.40429771900446,204.17550178969574,202.43066158932191,203.82846069335938,7223500,JPM
2024-09-24 00:00:00-04:00,203.5488900084085,205.28409547271306,202.79697009212555,203.97305297851562,7323200,JPM
2024-09-25 00:00:00-04:00,204.05981155012714,204.59966469607758,201.10033486830633,202.6234588623047,8976500,JPM
2024-09-26 00:00:00-04:00,203.5296028527362,204.07907595472616,201.48591005736264,202.2281951904297,7807500,JPM
2024-09-27 00:00:00-04:00,203.06688130801132,204.79245198574228,201.79440715731258,202.9222869873047,7032500,JPM
2024-09-30 00:00:00-04:00,198.88310870703359,203.3657236421353,197.87090438559173,203.26931762695312,8663800,JPM
2024-10-01 00:00:00-04:00,201.37988091048814,201.563043524854,198.76744542730427,199.5868377685547,8540100,JPM
2024-10-02 00:00:00-04:00,199.62540303508803,201.4280808680096,198.2854417354765,199.8278350830078,5810900,JPM
2024-10-03 00:00:00-04:00,198.7481435436215,199.05663101596807,196.9840194235567,197.84197998046875,7251300,JPM
2024-10-04 00:00:00-04:00,203.00191264193967,205.30059173762103,200.68383122656712,204.8641357421875,10211700,JPM
2024-10-07 00:00:00-04:00,204.67983675803367,206.9106297822478,203.3801626203171,204.5828399658203,6718900,JPM
2024-10-08 00:00:00-04:00,204.2433814525666,204.97081299762056,202.10958521366825,204.40826416015625,6021800,JPM
2024-10-09 00:00:00-04:00,203.3898630505735,207.7932570879516,203.07949994464997,206.9979248046875,7024000,JPM
2024-10-10 00:00:00-04:00,208.34610048894507,208.34610048894507,205.106608749474,206.4353790283203,7927100,JPM
2024-10-11 00:00:00-04:00,209.18022188553982,217.87061094482132,208.6855737425154,215.60101318359375,18320700,JPM
2024-10-14 00:00:00-04:00,216.48362813038722,216.96858250110924,212.293630063158,214.8153839111328,9048900,JPM
2024-10-15 00:00:00-04:00,216.92980160195145,218.66593180883564,215.14517299607007,215.69801330566406,9235800,JPM
2024-10-16 00:00:00-04:00,215.63982224842857,216.94919023024082,214.38863162622326,216.910400390625,6382500,JPM
2024-10-17 00:00:00-04:00,217.521435503585,219.0538930763408,216.59031660888084,217.6669158935547,6470200,JPM
2024-10-18 00:00:00-04:00,218.2294563898017,219.12177061330635,216.38663578902958,218.58831787109375,7000500,JPM
2024-10-21 00:00:00-04:00,218.4428562648874,218.90840833464267,216.19266079507577,216.28965759277344,5870000,JPM
2024-10-22 00:00:00-04:00,216.30904010730856,218.50102841802638,214.4468171991565,217.3759307861328,9586800,JPM
2024-10-23 00:00:00-04:00,216.92979408147747,218.0354894619669,215.833792460598,216.68731689453125,6180500,JPM
2024-10-24 00:00:00-04:00,215.15487613307158,218.28767748966305,214.98999340900195,218.2100830078125,6002200,JPM
2024-10-25 00:00:00-04:00,218.22946395257756,218.83080262847554,214.23344472630617,215.6204071044922,6369700,JPM
2024-10-28 00:00:00-04:00,216.6291337876938,218.85021840107262,216.24116139259178,218.7144317626953,6843000,JPM
2024-10-29 00:00:00-04:00,218.43315914614644,219.92681213014208,216.1053692338975,216.19265747070312,6580000,JPM
2024-10-30 00:00:00-04:00,215.84348713272396,219.5000472712289,214.91238301870854,217.6572265625,7110900,JPM
2024-10-31 00:00:00-04:00,217.93847133580033,218.89868622999063,215.14514447933752,215.24212646484375,7829900,JPM
2024-11-01 00:00:00-04:00,216.83279926451777,219.34485939228048,215.99867714182966,216.23146057128906,6923500,JPM
2024-11-04 00:00:00-05:00,215.95016767681818,217.02676693348934,212.57488952061908,213.16653442382812,8229600,JPM
2024-11-05 00:00:00-05:00,213.40903041100157,215.28096207617114,213.37993433119982,214.82510375976562,5600700,JPM
2024-11-06 00:00:00-05:00,227.92855883805424,240.53737273122323,227.70548396691856,239.6256561279297,23987800,JPM
2024-11-07 00:00:00-05:00,237.14269869088656,237.2105994098778,228.14194632127268,229.2670440673828,16451100,JPM
2024-11-08 00:00:00-05:00,232.13795371871322,232.13795371871322,228.68508098059854,229.84896850585938,9502100,JPM
2024-11-11 00:00:00-05:00,232.7781040164942,234.81491834649185,231.8081952497588,232.08946228027344,9017100,JPM
2024-11-12 00:00:00-05:00,233.31154859132423,234.194169089919,231.57540367214264,232.35133361816406,6861000,JPM
2024-11-13 00:00:00-05:00,233.34064938993217,236.74502378242778,233.07876988293,233.9031982421875,11472600,JPM
2024-11-14 00:00:00-05:00,235.1252954647814,236.9390202307555,233.79652511106855,234.5918426513672,10172200,JPM
2024-11-15 00:00:00-05:00,234.19417438377397,239.00491351851235,234.19417438377397,237.92831420898438,11518800,JPM
2024-11-18 00:00:00-05:00,240.30458500761375,240.46946771808433,235.37744681373624,237.65673828125,9051400,JPM
2024-11-19 00:00:00-05:00,234.96038095752812,237.77311024831232,234.28144783212835,235.7751007080078,6792700,JPM
2024-11-20 00:00:00-05:00,237.04570253777942,237.24938989567428,231.4590332309668,233.53463745117188,9015300,JPM
2024-11-21 00:00:00-05:00,235.9108925350345,238.10289570204407,234.8245995104416,237.3948516845703,8783500,JPM
2024-11-22 00:00:00-05:00,236.27947953642217,241.65276768963074,235.7169306655695,241.07083129882812,7997300,JPM
2024-11-25 00:00:00-05:00,242.07952020730173,246.65749066946253,241.56546975622135,242.75845336914062,10295400,JPM
2024-11-26 00:00:00-05:00,242.95244628971668,243.44709442063177,240.8671336131068,242.44808959960938,6212100,JPM
2024-11-27 00:00:00-05:00,241.8467358877818,243.63136431157088,241.2841870760072,242.2734832763672,5472300,JPM
2024-11-29 00:00:00-05:00,242.34141408182535,244.19394344725544,241.94374792072875,242.20562744140625,5494800,JPM
2024-12-02 00:00:00-05:00,242.04071318917073,242.71964630281866,237.65672182733675,238.8400115966797,8899700,JPM
2024-12-03 00:00:00-05:00,240.7604260371418,241.5460496952517,237.26876369002755,237.4530487060547,6657700,JPM
2024-12-04 00:00:00-05:00,237.3366594350314,237.96710897912115,234.9409837266818,236.07577514648438,7346300,JPM
2024-12-05 00:00:00-05:00,238.0059276994125,239.7420579969039,237.25909375485318,238.0932159423828,6572500,JPM
2024-12-06 00:00:00-05:00,238.30655876349758,240.28518075058238,237.47243671004654,239.91661071777344,5519700,JPM
2024-12-09 00:00:00-05:00,239.69356932385114,240.4112923726013,236.42496656531813,236.4734649658203,7076500,JPM
2024-12-10 00:00:00-05:00,236.55103726892423,240.498572865486,234.93129148152076,235.55203247070312,9108300,JPM
2024-12-11 00:00:00-05:00,236.6577320701239,236.919611573279,234.89249106315413,236.20187377929688,7884400,JPM
2024-12-12 00:00:00-05:00,235.68783681251583,236.75474240518315,233.7868090654814,234.26206970214844,6113800,JPM
2024-12-13 00:00:00-05:00,234.7858200575525,235.4162548301433,231.94397970195718,232.71990966796875,10392700,JPM
2024-12-16 00:00:00-05:00,233.3697476379754,233.42793979570948,230.37273311760396,232.37074279785156,9032000,JPM
2024-12-17 00:00:00-05:00,231.46870597678523,231.82758226052997,229.50950105308948,231.18743896484375,8083600,JPM
2024-12-18 00:00:00-05:00,231.80819899787568,231.87609971646904,222.6231616444076,223.43788146972656,11322400,JPM
2024-12-19 00:00:00-05:00,225.28071175973975,229.24763503500648,225.28071175973975,225.949951171875,11790800,JPM
2024-12-20 00:00:00-05:00,224.941228167182,232.0118710112261,224.6211565141942,230.4503173828125,32348400,JPM
2024-12-23 00:00:00-05:00,228.96634184718147,231.43959706214468,227.81214818706187,231.21652221679688,8611500,JPM
2024-12-24 00:00:00-05:00,232.22522821125293,235.1931612045448,231.87607529400537,235.01856994628906,3729100,JPM
2024-12-26 00:00:00-05:00,234.16505795563904,235.93999271034167,233.54431695942878,235.8236083984375,4451800,JPM
2024-12-27 00:00:00-05:00,235.41624907067862,236.0660861464205,232.8168859680783,233.9128875732422,5730200,JPM
2024-12-30 00:00:00-05:00,231.5851232615298,233.59282673786723,229.97507113678503,232.1185760498047,5723800,JPM
2024-12-31 00:00:00-05:00,232.8265915853147,234.17476411638413,231.83728054536303,232.496826171875,4871000,JPM
2025-01-02 00:00:00-05:00,233.67039035457807,235.95937536225344,232.24462345405482,232.778076171875,9220900,JPM
2025-01-03 00:00:00-05:00,236.5510259868334,237.51124090227324,233.03025276318576,235.95938110351562,9491100,JPM
2025-01-06 00:00:00-05:00,237.58749766624487,239.52758971131513,234.5457584708976,234.80899047851562,9917800,JPM
2025-01-07 00:00:00-05:00,236.0666212689191,239.10836037665226,234.85771770955677,237.07078552246094,8753400,JPM
2025-01-08 00:00:00-05:00,236.66132574542317,238.12370262953496,234.4677604192555,237.03179931640625,8675300,JPM
2025-01-10 00:00:00-05:00,236.99279835682842,237.69474046339533,232.75191424539267,233.8535614013672,10256800,JPM
2025-01-13 00:00:00-05:00,233.65858101637204,238.4064266263034,233.00538778135987,238.084716796875,10005300,JPM
2025-01-14 00:00:00-05:00,236.57358662642125,241.5066689337318,236.11537401279514,241.262939453125,12407400,JPM
2025-01-15 00:00:00-05:00,244.1194365217934,247.30742222416936,237.567987035329,246.02053833007812,18448500,JPM
2025-01-16 00:00:00-05:00,247.6291630037952,250.59292194672196,246.0010517880716,247.89239501953125,15292300,JPM
2025-01-17 00:00:00-05:00,247.76565189599165,254.08311616597211,245.81581595917703,252.6597442626953,17678100,JPM
2025-01-21 00:00:00-05:00,253.54692929719334,257.6220793628749,252.9912189012906,256.43267822265625,13712100,JPM
2025-01-22 00:00:00-05:00,256.3059292216627,256.7739005596,253.7224025429303,256.2474365234375,9021900,JPM
2025-01-23 00:00:00-05:00,258.0510736566997,260.1666292674806,257.1931409703937,259.27947998046875,10749700,JPM
2025-01-24 00:00:00-05:00,257.07611593589155,260.4005897068569,256.4131788721569,258.197265625,7666300,JPM
2025-01-27 00:00:00-05:00,257.54409076732867,259.29893119572284,255.68199389214797,259.18194580078125,7522300,JPM
2025-01-28 00:00:00-05:00,259.18192280699503,260.62478221944906,258.18748753394436,260.4395751953125,7375400,JPM
2025-01-29 00:00:00-05:00,260.50781879552153,263.89078529426916,258.94794411487567,259.89361572265625,7684900,JPM
2025-01-30 00:00:00-05:00,261.8922195390952,262.93538890949,259.93262489498824,261.50225830078125,8753500,JPM
2025-01-31 00:00:00-05:00,262.4771647518187,264.02728068876934,260.2640820114848,260.5955505371094,7193800,JPM
2025-02-03 00:00:00-05:00,255.262756728444,261.4437627852604,255.13604238526239,260.11785888671875,8381400,JPM
2025-02-04 00:00:00-05:00,263.07188179280973,263.07188179280973,260.13736895555724,261.21954345703125,5626000,JPM
2025-02-05 00:00:00-05:00,262.16522992486006,263.8518489491681,261.59976076548173,263.6470947265625,5704400,JPM
2025-02-06 00:00:00-05:00,265.61640594638817,270.0327830459936,264.38799981532753,269.95477294921875,7264400,JPM
2025-02-07 00:00:00-05:00,270.3154852917386,271.56337905921515,267.8196977567854,268.8823547363281,6857900,JPM
2025-02-10 00:00:00-05:00,269.2236076160228,269.2528539667919,262.8281477293246,264.2417907714844,8627400,JPM
2025-02-11 00:00:00-05:00,263.4813689407272,269.29187234750515,262.8964121442548,268.09271240234375,7196400,JPM
2025-02-12 00:00:00-05:00,267.205505594858,269.51608618824747,266.3963367662514,268.5411682128906,6683900,JPM
2025-02-13 00:00:00-05:00,268.5898729509256,270.0230034086619,266.9422593718909,269.3893127441406,8398700,JPM
2025-02-14 00:00:00-05:00,270.4129615948533,272.22632428239,269.51605382641606,269.65252685546875,5688600,JPM
2025-02-18 00:00:00-05:00,269.8182931454493,272.94777133904427,269.0968336529695,272.92828369140625,7919800,JPM
2025-02-19 00:00:00-05:00,271.39767571560697,273.2207676026046,270.26676727320427,272.245849609375,7007200,JPM
2025-02-20 00:00:00-05:00,271.69015497097405,271.74864767378955,259.0747130267057,260.1081237792969,13846700,JPM
2025-02-21 00:00:00-05:00,261.5899865090395,262.44791904906305,256.2474255338871,257.6123046875,12835600,JPM
2025-02-24 00:00:00-05:00,258.830952916328,260.3030885181435,252.12351276645532,254.78504943847656,10372800,JPM
2025-02-25 00:00:00-05:00,255.65274860472138,256.40342472680305,246.99547231748238,250.94387817382812,9608400,JPM
2025-02-26 00:00:00-05:00,250.70992062126717,254.36586318209035,250.48567876676748,252.29904174804688,5943600,JPM
2025-02-27 00:00:00-05:00,253.65416763491982,257.02740546326555,251.39235064938032,252.55250549316406,8204400,JPM
2025-02-28 00:00:00-05:00,254.19036230579462,258.168014364657,251.42159895805173,258.01202392578125,10467100,JPM
2025-03-03 00:00:00-05:00,257.37835755426585,259.64017450358887,251.35337132475837,254.0831298828125,9058300,JPM
2025-03-04 00:00:00-05:00,248.8770725662363,250.7781746183949,239.78108559563927,243.97323608398438,13465600,JPM
2025-03-05 00:00:00-05:00,244.94812402975685,246.70297923682514,241.61390657436039,245.22109985351562,7861400,JPM
2025-03-06 00:00:00-05:00,241.88689051222846,243.10553793634068,237.7337454462382,240.35626220703125,9983200,JPM
2025-03-07 00:00:00-05:00,239.07911459680213,240.53174763621962,233.414843927151,236.20310974121094,20498700,JPM
2025-03-10 00:00:00-04:00,230.2853592191741,231.55274056363587,222.96371641209598,226.3954315185547,18887200,JPM
2025-03-11 00:00:00-04:00,225.9372366595305,227.4678649933782,221.00415417455685,223.3927001953125,18143000,JPM
2025-03-12 00:00:00-04:00,228.13079748633706,228.44277836700155,221.55984522899598,222.1837921142578,16054000,JPM
2025-03-13 00:00:00-04:00,223.54869198918365,223.74367260665568,218.6058507740928,219.54177856445312,16467900,JPM
2025-03-14 00:00:00-04:00,222.39830170052483,227.29239449651655,221.87185249687687,226.60995483398438,11962100,JPM
2025-03-17 00:00:00-04:00,225.38150637121063,229.758892969209,224.6795791897789,228.06253051757812,9586000,JPM
2025-03-18 00:00:00-04:00,228.44277110288516,230.2463603051488,227.66283380209185,229.0764617919922,10344900,JPM
2025-03-19 00:00:00-04:00,229.82715648248669,236.25186202365677,228.99847029765743,233.1126251220703,10120600,JPM
2025-03-20 00:00:00-04:00,230.62659068730426,235.69616111397977,230.27561962597693,233.01513671875,8328500,JPM
2025-03-21 00:00:00-04:00,231.8452338048883,236.2226207273677,230.5680936788464,235.56942749023438,19326900,JPM
2025-03-24 00:00:00-04:00,239.322859868715,242.4523531078021,238.27970537306442,241.83815002441406,9422700,JPM
2025-03-25 00:00:00-04:00,243.05680360286865,245.50385729754217,241.4091898067444,244.83116149902344,9287700,JPM
2025-03-26 00:00:00-04:00,246.26428619669275,248.28235866743117,243.51501036934545,244.73365783691406,12779300,JPM
2025-03-27 00:00:00-04:00,243.27125949697103,244.35341894811367,240.98019650885527,241.89662170410156,8022500,JPM
2025-03-28 00:00:00-04:00,240.7462457637879,243.25177720979866,235.06247221658606,236.7588348388672,11978400,JPM
2025-03-31 00:00:00-04:00,233.4051034157958,239.69332104124126,231.40651869928774,239.14736938476562,13603000,JPM
2025-04-01 00:00:00-04:00,236.53458470709884,239.52758990904476,234.8382370203243,237.5485076904297,8054700,JPM
2025-04-02 00:00:00-04:00,235.54017262888723,241.0484528611315,235.40368471674867,239.65432739257812,7758800,JPM
2025-04-03 00:00:00-04:00,228.39403885290514,229.24221273335493,221.59885935670877,222.95399475097656,17188500,JPM
2025-04-04 00:00:00-04:00,211.20251967446586,213.54692494518173,204.94422641328694,206.2684783935547,27170700,JPM
2025-04-07 00:00:00-04:00,201.84453550263905,217.81396118841425,198.303402775656,210.34913635253906,22914400,JPM
2025-04-08 00:00:00-04:00,219.25590423367711,223.49348363812953,209.18182124244132,212.73275756835938,19485700,JPM
2025-04-09 00:00:00-04:00,208.4461369100307,232.9495891897229,206.9747524141952,229.86949157714844,24022400,JPM
2025-04-10 00:00:00-04:00,225.6122868759835,225.95561590830835,215.9011552975308,222.7774200439453,18896400,JPM
2025-04-11 00:00:00-04:00,221.99267276486097,234.02860167946685,220.70766608161722,231.69400024414062,20284500,JPM
2025-04-14 00:00:00-04:00,232.57685007270544,235.20571653709092,229.1730460537919,230.24224853515625,13017800,JPM
2025-04-15 00:00:00-04:00,231.5959137609775,234.0972553015322,228.37848769241106,228.6825714111328,10912900,JPM
2025-04-16 00:00:00-04:00,227.57414175874206,229.1240019340848,223.58177786322105,225.229736328125,9322300,JPM
2025-04-17 00:00:00-04:00,226.39703780490407,229.86949873745436,226.15180704795938,227.534912109375,9557900,JPM
2025-04-21 00:00:00-04:00,226.23027991963676,227.38776189376563,222.02211180001825,224.62156677246094,8716200,JPM
2025-04-22 00:00:00-04:00,227.5545095207112,231.48802026386073,226.95614590207006,231.09564208984375,10701400,JPM
2025-04-23 00:00:00-04:00,235.63731625364926,242.08197236154456,235.4215120035636,236.28472900390625,14126800,JPM
2025-04-24 00:00:00-04:00,235.16649038746075,240.78717510551016,233.04769307035298,239.97300720214844,9055200,JPM
2025-04-25 00:00:00-04:00,239.98279962585002,240.93429610814024,237.13812898804628,238.90379333496094,8588600,JPM
2025-04-28 00:00:00-04:00,239.89452661223797,242.13102985600685,236.24549185288936,238.58009338378906,7394300,JPM
2025-04-29 00:00:00-04:00,237.56973353773236,240.5713553936845,237.07927205884616,239.953369140625,7216800,JPM
2025-04-30 00:00:00-04:00,236.6084332300704,240.54192890236706,233.88145363718232,239.953369140625,12991700,JPM
2025-05-01 00:00:00-04:00,238.20734299709588,243.7103217475342,237.55012636868136,242.18008422851562,8689600,JPM
2025-05-02 00:00:00-04:00,246.4667021122206,248.78168093946223,244.70105272563194,247.69285583496094,7165000,JPM
2025-05-05 00:00:00-04:00,246.388234299257,250.29231865313628,245.80949331599908,247.74191284179688,5450700,JPM
2025-05-06 00:00:00-04:00,245.23074839753636,247.83018834347143,244.2498254039462,244.49505615234375,6369900,JPM
2025-05-07 00:00:00-04:00,245.08363170456627,247.63402267137778,244.08308599577276,244.6324005126953,8724100,JPM
2025-05-08 00:00:00-04:00,246.77078915965458,250.99856460126213,246.7511665100619,248.63453674316406,8320100,JPM
2025-05-09 00:00:00-04:00,249.64489244477116,250.635619242527,247.52609526635226,248.25198364257812,5087600,JPM
2025-05-12 00:00:00-04:00,257.8846409478204,258.57129899597703,253.7647824650602,255.08900451660156,9603900,JPM
2025-05-13 00:00:00-04:00,256.0503155003321,258.639966447806,255.4225403810428,257.9925537109375,8589000,JPM
2025-05-14 00:00:00-04:00,257.9827669437803,261.5533412811179,257.28631994724986,260.5724182128906,8643100,JPM
2025-05-15 00:00:00-04:00,261.87698531695685,264.3783267139839,259.70915411050737,262.3870544433594,9214600,JPM
2025-05-16 00:00:00-04:00,262.3968965278898,263.33857420454694,259.66011303826815,262.45574951171875,8932900,JPM
2025-05-19 00:00:00-04:00,260.4840753869021,263.2012510960716,256.933139124985,259.8268737792969,12145000,JPM
2025-05-20 00:00:00-04:00,257.51191281628184,261.5729486833489,257.29610854408895,260.61163330078125,8436300,JPM
2025-05-21 00:00:00-04:00,259.3070029050421,260.58219084007044,255.7560664091254,256.0601501464844,7464000,JPM
2025-05-22 00:00:00-04:00,254.49067374288148,257.29609924459567,253.93154043030927,255.6972198486328,6514100,JPM
2025-05-23 00:00:00-04:00,251.9108411041023,256.9920152183282,251.11629584411466,255.73643493652344,6671800,JPM
2025-05-27 00:00:00-04:00,257.04106526626447,260.23885381510826,256.99200115618,260.22906494140625,7506600,JPM
2025-05-28 00:00:00-04:00,261.16091702282114,261.63177081627316,257.8846379571237,258.46337890625,5535400,JPM
2025-05-29 00:00:00-04:00,259.74841937820054,260.3467980228732,257.5217347653291,259.3266296386719,5081200,JPM
2025-05-30 00:00:00-04:00,258.4241883810186,260.26829856132497,257.7179225906518,258.96368408203125,10977700,JPM
2025-06-02 00:00:00-04:00,258.00235590026796,259.97402070361045,256.90372693326515,259.611083984375,6011200,JPM
2025-06-03 00:00:00-04:00,258.69884566926845,261.49445240173793,257.86505509318295,261.19036865234375,6998400,JPM
2025-06-04 00:00:00-04:00,260.8470856497254,262.02417541627636,259.1402590883603,259.17950439453125,5915700,JPM
2025-06-05 00:00:00-04:00,259.6895120537283,259.6895120537283,255.34403090689912,256.9527587890625,8173800,JPM
2025-06-06 00:00:00-04:00,259.2873892811091,261.5631380525988,259.218747415162,260.66070556640625,7738100,JPM
2025-06-09 00:00:00-04:00,260.9255242470256,262.7892720045682,258.32608422186917,261.6513977050781,8285000,JPM
2025-06-10 00:00:00-04:00,260.80780989527875,263.7701865542935,260.77838340293533,263.4759216308594,7538100,JPM
2025-06-11 00:00:00-04:00,263.5543728329388,264.4764428071077,260.71952105435884,263.03448486328125,7434100,JPM
2025-06-12 00:00:00-04:00,261.76909370629187,263.17183632733907,260.0819349081481,263.1227722167969,6618000,JPM
2025-06-13 00:00:00-04:00,260.0230636958611,261.92605676944186,257.69828090375347,259.89556884765625,7098300,JPM
2025-06-16 00:00:00-04:00,261.90644458682067,266.5462212171046,261.75931212188453,265.20233154296875,8566000,JPM
2025-06-17 00:00:00-04:00,263.0541044634296,265.42792109233284,262.6911378485661,264.3783264160156,6739300,JPM
2025-06-18 00:00:00-04:00,264.849226160592,272.4219533800811,264.5745689012487,268.7336730957031,9586400,JPM
2025-06-20 00:00:00-04:00,270.3129479704052,272.00992553694005,268.5865139770169,269.7538146972656,13969700,JPM
2025-06-23 00:00:00-04:00,269.81267140989485,273.2360830171409,266.9189366562568,272.96142578125,8094600,JPM
2025-06-24 00:00:00-04:00,274.864422081068,277.31672955102783,274.1777939507156,275.8944091796875,9267900,JPM
2025-06-25 00:00:00-04:00,276.1298306696613,278.85679547317505,275.55108967897763,278.6409912109375,6826900,JPM
2025-06-26 00:00:00-04:00,279.26878993935657,283.88892888521605,279.04316687272353,283.24151611328125,8942100,JPM
2025-06-27 00:00:00-04:00,280.3575940845552,283.19247586135157,279.6022941678673,281.6327819824219,17868600,JPM
2025-06-30 00:00:00-04:00,284.86003722869964,287.0671140098136,283.4082903268862,284.37939453125,12689200,JPM
2025-07-01 00:00:00-04:00,285.3406963303482,285.57610826317716,281.122709609671,284.8698425292969,9338300,JPM
2025-07-02 00:00:00-04:00,286.4687496948515,287.2338684064349,284.17339356010143,286.42950439453125,8158700,JPM
2025-07-03 00:00:00-04:00,287.95726066275904,292.1462676228288,287.03074848169234,291.75201416015625,6541600,JPM
2025-07-07 00:00:00-04:00,291.012803517784,291.7914744795477,285.9169860687423,287.7798767089844,8825700,JPM
2025-07-08 00:00:00-04:00,285.1186224364487,285.54247428822356,276.28721745930295,278.7217712402344,15440900,JPM
2025-07-09 00:00:00-04:00,283.0586107622728,283.078342988919,278.42607952209454,279.0963134765625,11273800,JPM
2025-07-10 00:00:00-04:00,278.9385584232814,284.1723501696605,278.9385584232814,284.0540771484375,8410900,JPM
2025-07-11 00:00:00-04:00,281.4223984494675,283.2557206237078,279.5792402426265,282.7431640625,7384700,JPM
2025-07-14 00:00:00-04:00,282.95018101073435,285.1481583723004,281.1661592607552,284.5567932128906,9079900,JPM
2025-07-15 00:00:00-04:00,283.8668247126896,287.7601490973643,281.3830008251136,282.4376220703125,12526100,JPM
2025-07-16 00:00:00-04:00,284.2611002489253,286.5576787356624,278.9484690013939,281.7181396484375,9979800,JPM
2025-07-17 00:00:00-04:00,279.3722805662569,286.13381646736286,279.3722805662569,285.73956298828125,8509500,JPM
2025-07-18 00:00:00-04:00,285.36498911319075,288.30223294760714,284.0935239995615,287.0898742675781,12217000,JPM
2025-07-21 00:00:00-04:00,286.8237577094983,289.95811320350606,286.4097720406625,286.794189453125,7898100,JPM
2025-07-22 00:00:00-04:00,287.3165917383993,289.41602825063205,285.02987956960806,287.2475891113281,6717500,JPM
2025-07-23 00:00:00-04:00,288.6373728619252,292.72780910920665,288.3515263055785,292.5011291503906,7083500,JPM
2025-07-24 00:00:00-04:00,293.1516681080147,295.2905090775473,291.9491754148663,292.29412841796875,7001200,JPM
2025-07-25 00:00:00-04:00,292.4419829511327,294.6103920554469,291.71258245493334,294.33441162109375,5918500,JPM
2025-07-28 00:00:00-04:00,293.3882007039174,295.13278810430046,292.5602593912129,293.9992980957031,5840400,JPM
2025-07-29 00:00:00-04:00,295.6946113524278,296.9661066035344,291.94915830714154,292.777099609375,7635700,JPM
2025-07-30 00:00:00-04:00,293.15168061940614,296.2958726319795,293.1122462449408,295.3299560546875,8061700,JPM
2025-07-31 00:00:00-04:00,294.8469919658045,296.66058212054435,291.25921595040046,291.98858642578125,14749700,JPM
2025-08-01 00:00:00-04:00,286.2323800564947,287.61228223789124,280.1607803787386,285.2171630859375,12007100,JPM
2025-08-04 00:00:00-04:00,286.0944227268155,290.0961543423283,286.0944227268155,290.0370178222656,6649500,JPM
2025-08-05 00:00:00-04:00,290.46083768957914,291.5450573497094,283.11774234014615,287.1884765625,7182300,JPM
2025-08-06 00:00:00-04:00,288.1051104485434,289.08092314098127,285.99583781724914,287.16876220703125,6330200,JPM
2025-08-07 00:00:00-04:00,288.7359444448802,289.2484709612734,282.29965937267906,282.8220520019531,8057100,JPM
2025-08-08 00:00:00-04:00,284.8327496617793,287.0504590616496,280.6240107941869,284.61590576171875,6634100,JPM
2025-08-11 00:00:00-04:00,285.246742053437,287.13920088726815,284.635644641562,285.4044494628906,5510100,JPM
2025-08-12 00:00:00-04:00,287.31661546362176,290.5199739550687,286.1732592848133,288.6472473144531,8570900,JPM
2025-08-13 00:00:00-04:00,289.7314666813669,290.32283187703916,283.0389031406188,286.36053466796875,8420400,JPM
2025-08-14 00:00:00-04:00,286.4098066006694,289.9778804180479,285.4833244293079,289.9384460449219,6322400,JPM
2025-08-15 00:00:00-04:00,290.6086532135509,291.2591849519308,285.660707668408,286.3210754394531,7340500,JPM
2025-08-18 00:00:00-04:00,285.8381195988006,287.7108460905947,284.2709417940018,287.3461608886719,5386900,JPM
2025-08-19 00:00:00-04:00,286.6562214265169,288.2825659770611,285.37489004447787,286.4886779785156,6031500,JPM
2025-08-20 00:00:00-04:00,286.63648908496583,289.1203129200321,283.1472843493455,288.04595947265625,7374200,JPM
2025-08-21 00:00:00-04:00,287.7503044651617,288.5683797096441,285.31575079885044,287.28704833984375,6624000,JPM
2025-08-22 00:00:00-04:00,288.9922357768791,292.89539654295805,285.9662867879994,291.98858642578125,8552800,JPM
2025-08-25 00:00:00-04:00,291.9885819039242,293.08266767966575,289.9187435512912,290.6678161621094,5856300,JPM
2025-08-26 00:00:00-04:00,289.9384115603751,294.4526691589569,289.2878798394283,294.2851257324219,6714700,JPM
2025-08-27 00:00:00-04:00,292.98408908730437,296.74927450763425,292.77711127340297,294.9849548339844,6056500,JPM
2025-08-28 00:00:00-04:00,295.71431837356056,296.91681101607145,294.41328492266325,296.749267578125,6410500,JPM
2025-08-29 00:00:00-04:00,297.70533564994906,298.60227955806266,295.4284896061262,297.09423828125,6796400,JPM
2025-09-02 00:00:00-04:00,295.95091721841663,296.1480289299188,290.2735705259471,295.3989562988281,7221900,JPM
2025-09-03 00:00:00-04:00,296.25645520177414,296.25645520177414,292.1265844883639,295.211669921875,6316900,JPM
2025-09-04 00:00:00-04:00,295.694622931837,300.0610396446901,293.99930589050996,299.4598083496094,6605800,JPM
2025-09-05 00:00:00-04:00,299.29225767241,300.770730899917,290.08630131868694,290.1553039550781,9837700,JPM
2025-09-08 00:00:00-04:00,290.65798581164114,292.2054315497858,287.2574854579185,288.7063903808594,8188500,JPM
2025-09-09 00:00:00-04:00,288.40084429899173,294.7089905900123,288.1149977252914,293.57550048828125,7848200,JPM
2025-09-10 00:00:00-04:00,292.44198029068025,297.2125163723058,291.1606189374317,296.22686767578125,7787300,JPM
2025-09-11 00:00:00-04:00,296.91679522122274,301.342378196144,296.4732713682419,301.1748046875,7942500,JPM
2025-09-12 00:00:00-04:00,300.622869917122,303.13626220753474,299.3415385689925,302.5054626464844,6846700,JPM
2025-09-15 00:00:00-04:00,302.7617353660041,305.5018376479389,302.7617353660041,304.4668884277344,7122000,JPM
2025-09-16 00:00:00-04:00,305.55111968192784,306.43819756185593,302.72231251567524,304.75274658203125,10525600,JPM
2025-09-17 00:00:00-04:00,305.9355027165261,308.41932651675705,304.3387266167954,307.2759704589844,8657800,JPM
2025-09-18 00:00:00-04:00,307.3154351086428,308.94174954569326,305.16669795269365,308.7347717285156,8050700,JPM
2025-09-19 00:00:00-04:00,309.09945390156855,311.2678631029987,304.68373667454165,310.26251220703125,23568600,JPM
2025-09-22 00:00:00-04:00,305.35395817376326,309.198012204534,305.11741210895696,307.9560852050781,7520200,JPM
2025-09-23 00:00:00-04:00,307.34499004479613,311.77054315707727,306.12276518201463,308.25177001953125,8584400,JPM
2025-09-24 00:00:00-04:00,309.54299157852137,312.036681822986,307.1971727167786,308.92205810546875,7310500,JPM
2025-09-25 00:00:00-04:00,309.61196690994507,311.12000822788536,307.3252546914858,308.95159912109375,7083200,JPM
2025-09-26 00:00:00-04:00,310.3807528469309,313.2489940185383,309.1979925185918,311.52410888671875,7258100,JPM
2025-09-29 00:00:00-04:00,312.50978831201064,313.4461666504931,309.158588598915,311.1594543457031,6462400,JPM
2025-09-30 00:00:00-04:00,311.71140689202116,312.85476301381095,305.65950932869447,310.9031677246094,11823300,JPM
2025-10-01 00:00:00-04:00,309.46414008660315,310.0752375005356,302.99828667529783,306.25091552734375,9235200,JPM
2025-10-02 00:00:00-04:00,305.5511124553201,306.10307334887034,301.74652271909054,303.1362609863281,7600000,JPM
2025-10-03 00:00:00-04:00,304.08248279942853,307.18727011434805,303.78677014872494,305.5806579589844,6029900,JPM
2025-10-06 00:00:00-04:00,307.21486689804453,308.7698659390142,302.2131538143922,306.22442626953125,7214500,JPM
2025-10-07 00:00:00-04:00,306.39285354178503,307.0465480670538,301.78731007714714,304.74871826171875,8454200,JPM
2025-10-08 00:00:00-04:00,305.2636917190969,305.8282501205831,300.64823485280857,301.1236572265625,6489900,JPM
2025-10-09 00:00:00-04:00,302.13392206728275,305.09536030036105,300.4898171115272,302.6093444824219,7060300,JPM
2025-10-10 00:00:00-04:00,302.7380934229591,307.50211054267186,297.9344502139145,298.0137023925781,8597400,JPM
2025-10-13 00:00:00-04:00,302.6786918104351,306.5017785031187,302.53013174675476,305.0260314941406,10788700,JPM
2025-10-14 00:00:00-04:00,302.91638858642943,304.0653034578676,291.39755808509767,299.19232177734375,16178800,JPM
2025-10-15 00:00:00-04:00,303.4611428511513,309.13634876005415,302.520212088773,302.767822265625,11354800,JPM
2025-10-16 00:00:00-04:00,302.43105556912377,305.72920960204,294.2302082762473,295.6861572265625,10549400,JPM
2025-10-17 00:00:00-04:00,296.30025689141456,296.68651306450823,291.3876792596173,294.7155456542969,10153500,JPM
2025-10-20 00:00:00-04:00,295.6465484229892,300.78693806489423,295.3098022126917,299.4696350097656,6894900,JPM
2025-10-21 00:00:00-04:00,298.7763208850087,301.1434582480101,294.16086397135297,294.25,7372700,JPM
2025-10-22 00:00:00-04:00,294.92353982678844,295.21077611588424,287.76267234049385,291.29852294921875,8054100,JPM
2025-10-23 00:00:00-04:00,291.5659521228084,293.53691953831486,289.7138327608809,291.72442626953125,5438800,JPM
2025-10-24 00:00:00-04:00,293.2496561856281,299.70734860853685,292.6257039619419,297.5679931640625,7228300,JPM
2025-10-27 00:00:00-04:00,299.27155593587753,301.6188954834183,298.13255521259686,301.2425231933594,5642200,JPM
2025-10-28 00:00:00-04:00,301.9457586189306,305.0260451309229,300.26202744552563,302.44097900390625,6336000,JPM
2025-10-29 00:00:00-04:00,300.6086875532579,305.3033671273222,300.1134671686232,302.5895690917969,7520300,JPM
2025-10-30 00:00:00-04:00,302.8668617019339,309.62164411662417,302.1834552198523,306.4819641113281,7514600,JPM
2025-10-31 00:00:00-04:00,305.5905808443981,309.8791757592273,304.3129038831637,308.1459045410156,7721300,JPM
2025-11-03 00:00:00-05:00,308.02707397940236,309.3344630267029,303.28285431242927,306.3928527832031,7770000,JPM
2025-11-04 00:00:00-05:00,303.7780648320401,309.23540287266394,302.1834697809128,306.2937927246094,7085200,JPM
2025-11-05 00:00:00-05:00,306.6503419445097,310.107000668758,302.70840715746203,308.7005615234375,6865200,JPM
2025-11-06 00:00:00-05:00,308.01715622418413,311.83035912038315,307.2941538281452,310.4239501953125,7206100,JPM
2025-11-07 00:00:00-05:00,308.90856044061366,311.4242580235003,304.6991875199946,311.20635986328125,7302300,JPM
2025-11-10 00:00:00-05:00,311.9888313123107,316.5052386427636,311.2063746689554,313.86077880859375,5794100,JPM
2025-11-11 00:00:00-05:00,314.4649387231156,316.00010979819433,312.2661590448994,312.6029052734375,5030200,JPM
2025-11-12 00:00:00-05:00,313.23678409164455,319.16951418656384,313.1872439213492,317.34710693359375,10578300,JPM
2025-11-13 00:00:00-05:00,316.17840351377913,317.565014483568,306.1452341336872,306.5216064453125,8973300,JPM
2025-11-14 00:00:00-05:00,304.57044575572996,304.69920788981074,298.3504790333013,300.70770263671875,10327000,JPM
2025-11-17 00:00:00-05:00,301.0939616708072,302.66875869849656,294.8244855709175,297.4986572265625,8344000,JPM
2025-11-18 00:00:00-05:00,296.6369875977812,300.05402007948175,294.1806837974681,296.5478515625,8077300,JPM
2025-11-19 00:00:00-05:00,296.8746866890342,301.5396841634701,296.409178349521,300.3709411621094,5546600,JPM
2025-11-20 00:00:00-05:00,303.411609711364,306.95740445253,295.3098117912242,295.5277099609375,7501600,JPM
2025-11-21 00:00:00-05:00,298.40987233529637,298.7961284719156,290.01092472978763,295.1711120605469,11766800,JPM
2025-11-24 00:00:00-05:00,295.3890327721484,296.9539460474125,291.69470820468445,295.1513366699219,10940200,JPM
2025-11-25 00:00:00-05:00,297.18170363006027,301.5891765934406,292.7346348034667,300.103515625,8877200,JPM
2025-11-26 00:00:00-05:00,302.0844103036798,305.5806647286523,300.30162915288383,304.6991882324219,7910900,JPM
2025-11-28 00:00:00-05:00,306.14525372757277,310.7210853336642,305.29345893213815,310.0871887207031,4322400,JPM
2025-12-01 00:00:00-05:00,309.958455126882,311.038031953238,305.5906076467962,305.96697998046875,7727300,JPM
2025-12-02 00:00:00-05:00,305.7886541478843,307.5120415313108,304.1544330268201,304.9368896484375,7249000,JPM
2025-12-03 00:00:00-05:00,304.26340519365976,309.37405277594195,303.86720471987456,309.1462707519531,8535300,JPM
2025-12-04 00:00:00-05:00,310.2654601734084,315.44544563675794,310.00793592177615,313.07830810546875,9627800,JPM
2025-12-05 00:00:00-05:00,312.62274341566774,315.4355916137351,311.6718985008828,312.0284729003906,6518900,JPM
2025-12-08 00:00:00-05:00,312.0482477999388,313.44477282870224,310.3546026483966,312.1968078613281,7417200,JPM
2025-12-09 00:00:00-05:00,311.939326475107,315.7524991840304,297.15202309779255,297.6373596191406,18049200,JPM
2025-12-10 00:00:00-05:00,297.62741810314117,308.2152311685389,295.60691069504315,307.1455383300781,18874100,JPM
2025-12-11 00:00:00-05:00,306.2838676543348,314.96013772429524,306.2838676543348,314.3460693359375,9721900,JPM
2025-12-12 00:00:00-05:00,316.6240735225281,317.20842990436694,313.5735294870918,315.47515869140625,8982900,JPM
2025-12-15 00:00:00-05:00,316.534963668203,319.7935222813264,315.3464528736662,316.9608459472656,10864100,JPM
2025-12-16 00:00:00-05:00,316.0397072252412,316.46558945571707,311.3945381021762,312.5335388183594,8331300,JPM
2025-12-17 00:00:00-05:00,315.3860269605939,316.3170436429019,311.65207637787455,311.9690246582031,8718700,JPM
2025-12-18 00:00:00-05:00,312.979256626897,314.66301788263524,309.2353920446346,310.0079345703125,11444900,JPM
2025-12-19 00:00:00-05:00,310.79038320864026,315.51477427620307,310.1961127673861,314.17767333984375,24494400,JPM
2025-12-22 00:00:00-05:00,314.47481933577194,320.14014104266494,314.47481933577194,320.00146484375,8354600,JPM
2025-12-23 00:00:00-05:00,320.51650136966475,324.6466524002949,320.00148308544306,322.8143310546875,6668300,JPM
2025-12-24 00:00:00-05:00,323.1213622604756,326.8355148620812,322.3884458193645,326.02337646484375,4289300,JPM
2025-12-26 00:00:00-05:00,325.9639318748006,327.6972031402456,323.4185221880518,324.7754211425781,4158300,JPM
2025-12-29 00:00:00-05:00,323.8741142125664,324.63674268276935,320.43728371815735,320.6551818847656,8635300,JPM
2025-12-30 00:00:00-05:00,321.7050354533748,321.83379757815135,319.40720581728044,320.3283386230469,7904300,JPM
